nom_site,art_url
linkedin,292
linguee,216
researchgate,178
docplayer,158
books.google,126
cairn.info,126
pinterest,113
indeed,111
wikipedia,104
facebook,103
viadeo.journaldunet,97
amazon,91
senat,89
slideshare,83
tel.archives-ouvertes,83
youtube,78
twitter,77
journals.openedition,76
calameo,75
talent,72
lemagit,70
journaldunet,69
aijobs.tech,68
issuu,65
economie.gouv,64
theses,64
lesechos,63
hal.archives-ouvertes,61
scribd,58
legifrance.gouv,57
lagazettedescommunes,54
assemblee-nationale,53
usine-digitale,50
vie-publique,49
dumas.ccsd.cnrs,49
ccomptes,48
yumpu,47
core.ac.uk,45
sites.google,45
usinenouvelle,45
medium,42
banquedesterritoires,42
centraledesmarches,39
lemondeinformatique,39
cnfpt,38
malt,38
link.springer,37
wizbii,36
sciencedirect,35
hal.inria,35
performance-publique.budget.gouv,34
slideplayer,34
lemonde,34
orsys,34
silicon,34
github,33
freelance-informatique,33
scanr.enseignementsup-recherche.gouv,33
archimag,32
weka,32
glassdoor,32
jooble,31
europa,31
techniques-ingenieur,31
zdnet,30
context.reverso,30
reseau.intercariforef,29
ouest-france,29
interieur.gouv,29
francecompetences,28
patents.google,27
actu-environnement,27
persee,27
doczz,27
corse,27
frenchweb,26
pagesjaunes,26
academia.edu,26
itsocial,26
memoireonline,26
arxiv,25
emploi-territorial,25
collectivites-locales.gouv,25
translate.google,25
fr-facebook,25
zonebourse,25
finance.yahoo,25
iledefrance,25
docs.microsoft,25
appvizer,24
ftp,24
systematic-paris-region,23
capterra,23
capital,23
eyrolles,23
semanticscholar,23
bordeaux-metropole,23
culture.gouv,23
latribune,23
solidarites-sante.gouv,22
gouvernement,22
neuvoo,22
modernisation.gouv,22
alain-bensoussan,22
dalloz-actualite,21
worldwidescience,21
citeseerx.ist.psu.edu,21
ouillade,21
informatiquenews,21
itespresso,21
epfl.ch,21
dl.acm,21
emploipublic,21
ibm,21
ecropa,20
lemoniteur,20
bpifrance,20
parisjob,20
pastel.diplomatie.gouv,20
dailymotion,20
ladocumentationfrancaise,19
ademe,19
societe,19
eterritoire,19
scoop.it,19
m2iformation,19
m.facebook,19
leparisien,19
defense.gouv,18
ieeexplore.ieee,18
territorial,18
challenges,18
ctguyane,18
techdico,18
education.gouv,18
ladepeche,18
questions.assemblee-nationale,18
francearchives,18
globalsecuritymag,18
mdpi,18
internetactu,18
onlinelibrary.wiley,18
halshs.archives-ouvertes,18
pubmed.ncbi.nlm.nih.gov,18
idcite,18
deloitte,18
data.gouv,17
ns2.diplomados.edu.pe,17
nextinpact,17
cigref,17
science.gov,17
irit,17
berger-levrault,17
gpomag,17
studylibcom,17
universite-paris-saclay,17
linformaticien,17
ncbi.nlm.nih.gov,17
decideo,17
cerema,17
docaufutur,17
eur-lexropa,17
capgemini,16
cdiscount,16
gfi.world,16
sap,16
wipo.int,16
halldulivre,16
village-justice,16
ic.gc.ca,16
ouestjob,16
bfmtv,16
ebay,16
aefinfo,16
docs.oracle,16
edf,15
orientation-pour-tous,15
20minutes,15
sage,15
oecd,15
celge,15
argusdelassurance,15
jobs.smartrecruiters,15
acteurspublics,15
audentia-gestion,15
collectivitedemartinique.mq,15
optioncarriere,15
globenewswire,15
emploi-collectivites,15
enssib,15
cordisropa,15
afia.asso,15
departement06,15
alliancy,15
weka.jobs,15
maire-info,15
welcometothejungle,15
itforbusiness,15
marche-public,14
forbes,14
villes-internet,14
ugap,14
actusnews,14
coursera,14
cci,14
tedropa,14
fonction-publique.gouv,14
letudiant,14
leslivresblancs,14
cio-online,14
chefdentreprise,14
archive,14
prefectures-regions.gouv,14
hal.univ-lorraine,14
strategie.gouv,14
wavestone,14
cnil,13
livre.fnac,13
grandlyon,13
courrierdesmaires,13
ori-nuxeo.univ-lille1,13
prnewswire,13
solutions-numeriques,13
qaz.wiki,13
bnains,13
academic.oup,13
la1ereancetvinfo,13
sciencespo,13
zephyrnet,13
tandfonline,13
btb.termiumplus.gc.ca,13
ressources.anap,13
defi-metiers,13
emploi.lagazettedescommunes,13
studyrama,13
decision-achats,13
candidat.pole-emploi,13
compta-online,13
books.openedition,12
place-ep-recrute.talent-soft,12
cadreo,12
jstor,12
fao,12
industrie-mag,12
cdg35,12
01net,12
pinterest.at,12
ressources.seinesaintdenis,12
skillup.co,12
finyear,12
journals.sagepub,12
lefigaro,12
agence-api.ouest-france,12
shopping.rakuten,12
cgi,12
oezratty,12
doc.rero.ch,12
docaposte,12
adcf,12
bearingpoint,12
kelformation,12
ticsante,12
en.wikipedia,12
atos,12
pinterest.co.uk,11
lepoint,11
soprasteria,11
scholar.google,11
infos.emploipublic,11
orange-business,11
dspace.univ-tlemcen.dz,11
amazon.co.uk,11
pwc,11
dokodoc,11
documents.irevues.inist,11
docnum.univ-lorraine,11
oecd-ilibrary,11
uphf,11
france3-regionsancetvinfo,11
decitre,11
letelegramme,11
avicca,11
daf-mag,11
azure.microsoft,11
emploi-environnement,11
banque-france,11
adequancy,11
lesepl,11
georezo,11
getapp,11
temis.documentation.developpement-durable.gouv,11
play.google,11
club-innovation-culture,11
millenaire3,11
entreprises.lefigaro,11
sudouest,11
cadremploi,11
business.lesechos,11
mediatheques.collectivitedemartinique.mq,11
softeaminstitute,11
springerprofessional.de,11
maformation,10
ca.linkedin,10
doyoubuzz,10
marseille,10
lavoixdunord,10
grandest,10
dial.uclouvain.be,10
lapresse.ca,10
maddyness,10
cache.media.enseignementsup-recherche.gouv,10
outremers360,10
isula.corsica,10
digitalcorner-wavestone,10
francemarches,10
entreprises.gouv,10
marches-publics.gouv,10
agritrop.cirad,10
lebigdata,10
calenda,10
prezi,10
bfmbusiness.bfmtv,10
univ-montp3,10
papyrus.bib.umontreal.ca,10
myrhline,10
developpez,10
marchesonline,10
amf.asso,10
amue,10
journals.plos,10
blog.economie-numerique,10
oracle,10
horizon.documentation.ird,10
businesswire,10
pole-emploi,10
pinterest.ca,10
batiactu,9
insee,9
kiosque.bercy.gouv,9
entreprises.insa-strasbourg,9
osti.gov,9
biblio.univ-antananarivo.mg,9
linguee.de,9
annales,9
midilibre,9
connect.ed-diamond,9
france24,9
amazon.in,9
reddit,9
archipel.uqam.ca,9
pinterest.es,9
progonline,9
actuia,9
hebergementwebs,9
smartcitymag,9
actu,9
rhmatin,9
dl.ummto.dz,9
cnam-nouvelle-aquitaine,9
lsa-conso,9
orbi.uliege.be,9
estrepublicain,9
idref,9
leconomiste,9
lannuaire.service-public,9
memsic.ccsd.cnrs,9
clubic,9
cegid,9
emploi-pro,9
emploi-btp.lemoniteur,9
europepmc,9
piloter,9
affiches-parisiennes,9
openclassrooms,9
codeur,9
wikiterritorial.cnfpt,9
worldreginfo,9
nouma,9
travail-emploi.gouv,9
service-public,9
in.pinterest,9
sudouestjob,9
dunod,9
editions-eni,9
cultura,9
oriane.info,9
lirmm,9
mc2i,9
ledauphine,9
siecledigital,9
etudier,8
erudit,8
meteojob,8
itu.int,8
institut.capgemini,8
caissedesdepots,8
diplomatie.gouv,8
handicap-job,8
institutmontaigne,8
svp,8
silvereco,8
adobe,8
lettreducadre,8
gallica.bnf,8
europages,8
igas.gouv,8
oatao.univ-toulouse,8
la-croix,8
pantheonsorbonne,8
bretagne.bzh,8
cache.media.eduscol.education,8
references.modernisation.gouv,8
rtes,8
francebleu,8
erp-infos,8
intel,8
ille-et-vilaine.gouv,8
france.scc,8
manioc,8
talend,8
institutparisregion,8
larevuedudigital,8
syntec-numerique,8
furet,8
mappy,8
corpus.ulaval.ca,8
news.yahoo,8
les-aides.nouvelle-aquitaine,8
theses.insa-lyon,8
focusrh,8
anfr,8
sas,8
central.bac-lac.gc.ca,8
stackoverflow,8
enjeuxdaf,8
enjeuxrh,8
fichier-pdf,8
hubinstitute,8
amazon.ca,8
dsih,8
hr-voice,8
accenture,8
123rf,8
pinterest.mx,8
linuxorg,8
landes,8
pinterest.ch,8
neo4j,8
enseignementsup-recherche.gouv,8
onlyengineerjobs,8
achatpublic,8
espace.etsmtl.ca,8
apps.dtic.mil,8
onisep,8
paris-normandie,8
apvf.asso,8
apec,8
pastel.archives-ouvertes,8
actualitesdudroit,8
iaea,8
ecologie.gouv,7
buyandsell.gc.ca,7
choosemycompany,7
dblp,7
optionfinance,7
dbta,7
studentjob,7
urssaf,7
lecho.be,7
irt-systemx,7
agglo-larochelle,7
rekrute,7
revue-banque,7
udemy,7
simplyhired,7
lewebpedagogique,7
villeintelligente-mag,7
lunion,7
regionsjob,7
cdg44,7
u-bourgogne,7
guyane.gouv,7
europe1,7
cdg31,7
adullact,7
villesdefrance,7
rhonealpesjob,7
webikeo,7
mgdis,7
circulaires.gouv,7
opropa,7
documentation.ehesp,7
franceculture,7
doi,7
jobijoba,7
societe.tech,7
ouzouersurloire,7
univ-bejaia.dz,7
docs.aws.amazon,7
capterra.ca,7
locarchives,7
iso,7
sodigital,7
idealco,7
cgedd.documentation.developpement-durable.gouv,7
eurocloud,7
formation.cnam,7
ssi.gouv,7
jobteaser,7
objectif-languedoc-roussillon.latribune,7
publications.polymtl.ca,7
uzoes,7
c2rp,7
ziladoc,7
channelnews,7
anr,7
blog.landot-avocats,7
hal.inrae,7
culture.leclerc,7
theconversation,7
industrie-techno,7
toubkal.imist.ma,7
sia-partners,7
place-emploi-public.gouv,7
cours.unjf,7
gouvernement.lu,7
ifsttar,7
cnam-bretagne,7
groupelaposte,7
plb,7
construction21,7
d1n7iqsz6ob2ad.cloudfront,7
comparatif-logiciels,7
seenthis,7
nouvelobs,7
bordeaux,7
computer,7
lentreprise.lexpress,7
cloud.google,7
cohesion-territoires.gouv,7
blog.markess,7
whatis.techtarget,7
extranet.intercariforef,7
aclweb,7
info.agriculture.gouv,7
infodsi,7
manualzz,7
conseil-etat,7
ns2.icep.pe,7
riskinsight-wavestone,7
rm.coe.int,7
cnp,7
ladn,7
pinterest.cl,7
thesesups.ups-tlse,7
pdfs.semanticscholar,6
redac.leconomiste,6
actualitte,6
paris,6
stages-emplois,6
forum.hardware,6
vindazo,6
bebee,6
liberation,6
lesechos-formation,6
studocu,6
etoile.regioncentre,6
blog.spendesk,6
bdif.amf-france,6
itone.lu,6
boursorama,6
minesparis.psl,6
safran-group,6
cre,6
itrnews,6
dictionnaire.sensagent.leparisien,6
smals.be,6
lenovo,6
amazon.co.jp,6
jvs-mairistem,6
strategie-achats,6
cea,6
boursier,6
nice,6
ameli,6
pressreader,6
moneyvox,6
lri,6
help.sap,6
neuvoo.ca,6
imperial.ac.uk,6
formation-serda,6
mbamci,6
dreamstime,6
ecti,6
app.livestorm.co,6
michaelpage,6
capterra.be,6
preventica,6
thparisot.wordpress,6
apogea,6
jobs.makesense,6
april,6
hec.ca,6
agglo-carene,6
users.polytech.unice,6
offre-demploi.monster,6
tom.travel,6
infogreffe,6
marches-publics.info,6
nicecotedazur,6
lorient-agglo.bzh,6
lalettreducloud,6
arcep,6
laregion,6
blogdumoderateur,6
espace-emploi.agefiph,6
bofip.impots.gouv,6
oise.gouv,6
javamind-blogspot,6
formations.umontpellier,6
marches-securises,6
lanouvellerepublique,6
seban-associes.avocat,6
itesoft,6
dauphine.psl,6
roadef,6
frontiersin,6
tripadvisor,6
pearltrees,6
people-doc,6
rockwellautomation,6
superprof,6
nouvelle-aquitaine,6
projet-plume,6
inis.iaea,6
nellarmonia,6
societeinfo,6
print-value,6
lavoisier,6
juritravail,6
bigdataparis,6
cnrs,6
audentia,6
sigma,6
la-mairie,6
investir.lesechos,6
dampierre-en-burly,6
comite21,6
numerama,6
ciril,6
numerique.corsica,6
ionos,6
bibliotheque.pssfp,6
cig929394,6
dataanalyticspost,6
lamontagne,6
vipress,6
cisco,6
finance-innovation,6
aliexpress,6
pacajob,6
indre-et-loire.gouv,6
somme,6
toucantoco,6
ulaval.ca,6
ideas.repec,6
xavierpaper,6
x-mol,6
nature,6
macg.co,6
tessi,6
cdn2.hubspot,6
vmware,6
ictjournal.ch,6
charente.gouv,6
pmb.cereq,6
unitheque,6
leprogres,6
towardsdatascience,6
vd.ch,6
univ-lille,6
nobleprog,6
toulouse-metropole,6
aida.ineris,6
ecologique-solidaire.gouv,6
management-datascience,6
solutions-ressources-humaines,6
doctrine,6
brighttalk,6
verif,6
deliberations.ampmetropole,6
delltechnologies,6
agriculture.gouv,6
ordiges,6
nossenateurs,6
snesup,6
malt.ch,6
clicdata,6
lexpress,6
fashionnetwork,6
justice.gouv,6
my-mooc,6
francetvinfo,6
logiciels.pro,5
andrh,5
nanopdf,5
jobilize,5
grandannecy,5
ville-dunkerque,5
carriere-info,5
infoscience.epfl.ch,5
soprahr,5
profildinfo,5
cdg13,5
teratec,5
territoire-de-belfort.gouv,5
compta-facile,5
cdg59,5
horizonspublics,5
territoire-numerique,5
e-marketing,5
optioncarriere.lu,5
findglocal,5
se,5
fing,5
finistere,5
alphalyr,5
protys,5
dune.univ-angers,5
info-socialrh,5
opex360,5
thalesgroup,5
masteretudes,5
pubhtml5,5
blogavocat,5
cegos,5
pubs.acs,5
biorxiv,5
thesesante.ups-tlse,5
futura-sciences,5
cnsa,5
franceurbaine,5
decryptageo,5
freelance-info,5
ultra-saas,5
ulysse.univ-lorraine,5
morebooks.de,5
reseau-canope,5
nostalentsnosemplois.auvergnerhonealpes,5
gblogs.cisco,5
tableau,5
isthia,5
fr24news,5
istockphoto,5
unilim,5
unionpedia,5
normalisation.afnor,5
skillscampus.ma,5
moovapps,5
ge.ch,5
geekflare,5
univ-orleans,5
magazine-decideurs,5
atlantico,5
gazettenpdc,5
freepik,5
avantage-entreprise,5
fun-mooc,5
numdam,5
revuegeneraledudroit,5
cigversailles,5
avril.pole-emploi,5
cidj,5
bu.umc.edu.dz,5
reuters,5
reussirmavie,5
reussir,5
irisa,5
aws.amazon,5
cities.reseaudesvilles,5
tribu.phm.education.gouv,5
supinfo,5
medias.amf.asso,5
mtom-mag,5
mediakwest,5
niortagglo,5
institutdesactuaires,5
centralesupelec,5
graphism,5
salons-solutions,5
apps.apple,5
formation-continue.ehesp,5
appian,5
innovation.corsica,5
tdan,5
apnews,5
valeo,5
statista,5
force-ouvriere,5
cambridge,5
startup.info,5
newspapers,5
start.lesechos,5
impots.gouv,5
vedecom,5
documentation.departement06,5
teamopendata,5
ansm.sante,5
biblio.univ-annaba.dz,5
sncf-reseau,5
formations.univ-brest,5
directioninformatique,5
futuribles,5
ch,5
topionetworks,5
smart-origin,5
credit-agricole,5
boursedirect,5
canada.ca,5
bechtle,5
digital-solutions.konicaminolta,5
archivesic.ccsd.cnrs,5
urbanisme-puca.gouv,5
mydigitalweek,5
archives.rsln,5
storizborn,5
beesens,5
ceur-ws,5
inrs,5
ib-formation,5
usherbrooke.ca,5
directindustry,5
inria,5
un,5
labri,5
kompass,5
adalidda,5
pas-de-calais.gouv,5
visiativ-solutions,5
afd,5
lgdj,5
9annas.tn,5
ledevoir,5
edicomgroup,5
emploilr,5
oref.grandest,5
ecoreseau,5
lafabriquedunet,5
eduscol.education,5
vocationservicepublic,5
lavenir,5
lemondeduchiffre,5
esker,5
liglab,5
zeendoc,5
economie.gouv.qc.ca,5
environnement-magazine,5
laprovence,5
www-org.gendarmerie.interieur.gouv,5
oscarsante,5
afigese,5
afigeo.asso,5
www11.minefi.gouv,5
eurecom,5
ena,5
en3s,5
ladissertation,5
portail.telecom-bretagne,5
agglo-sophiaantipolis,5
www4.minefi.gouv,5
leblogdudirigeant,5
emse,5
lafabriquedassurance,5
aggloroanne,5
lettredesachats,5
lemondedudroit,5
orientation,5
emerald,5
lajauneetlarouge,5
ey,5
electroniques.biz,5
lelivreenfete,5
lesmots-leschoses,5
epdf.pub,5
pei-france,5
pinterest.co.kr,5
ecommercemag,5
educavox,5
etudiant.aujourdhui,5
eni-service,5
vosgesmatin,5
larousse,5
editions-tissot,5
ecoledesponts,5
orientation-environnement,5
epi.asso,5
paperjam.lu,5
worldline,5
etalab.gouv,5
esante.gouv,5
la-fabrique,5
pole-moveo,5
entreprises.cci-paris-idf,4
abcbourse,4
upwork,4
agglo-laval,4
diplomeo,4
pinterest.it,4
arca24,4
entreprisedigitale.info,4
pinterest.ph,4
math.univ-toulouse,4
pinterest.nz,4
academie-medecine,4
www-master.ufr-info-p6.jussieu,4
lyon-entreprises,4
technicolor,4
digital-society-forum.orange,4
jaguards,4
ne.ch,4
agenceecofin,4
wsp,4
editions-legislatives,4
ac-grenoble,4
librairielescyclades,4
ensg,4
sdsc.edu,4
imredd,4
comarketing-news,4
industrie-dufutur,4
matheo.uliege.be,4
gowork,4
forum.bouyguestelecom,4
sec.gov,4
collaboratif-info,4
blog.visiativ,4
abebooks,4
lamsade.dauphine,4
cognit.ca,4
pinterest.de,4
cnle.gouv,4
albertville,4
formations.univ-rennes1,4
formations.univ-poitiers,4
xelians,4
apmnews,4
systancia,4
cler,4
forinov,4
brest,4
xerfi,4
previssima,4
valsoftware,4
docs.bmc,4
xerficanal,4
api-site.paris,4
shutterstock,4
mulhouse,4
siaf.hypotheses,4
sib,4
epernay,4
ecomnews,4
docs.moodle,4
agrh,4
sicavonline,4
photo.capital,4
lopinion,4
sieeen,4
citoyen-ne-s-de-marseille,4
docs.vmware,4
cist-regards,4
ifrath,4
ifrap,4
economiematin,4
orsys.lu,4
apollo.io,4
a2com,4
cnis,4
cnim,4
boamp,4
ar-ar.facebook,4
uvcw.be,4
bodacc,4
formations.univ-amu,4
diva-portal,4
lardennais,4
myscience,4
dictionnaire.reverso,4
a2ia,4
old-emploi.lagazettedescommunes,4
presseagence,4
t-systems,4
boulognebillancourt,4
grenoble-em,4
formation.grandest,4
bourgognefranchecomte,4
talentia-software,4
ilo,4
environnement.gov.ma,4
jenji.io,4
groupama,4
doc.iut2.upmf-grenoble,4
eolia-software,4
iliad,4
radiovillageinnovation,4
lalist.inist,4
univ-perp,4
pinterest.ru,4
bci.nc,4
frqnt.gouv.qc.ca,4
manageengine,4
ufdc.ufl.edu,4
dawan,4
irma.asso,4
manageo,4
manager-go,4
laas,4
batinfo,4
rts.ch,4
webhelp,4
bbc,4
labanquepostale,4
s3-us-west-2.amazonaws,4
decideom,4
tradingsat,4
atolcd,4
isae-supaero,4
uipath,4
decideur-public.info,4
objectifaquitaine.latribune,4
manutan,4
generation-nt,4
lesechos-etudes,4
credoc,4
freelancer,4
isdm.univ-tln,4
credit-suisse,4
deepai,4
affairesjuridiques.aphp,4
cstb,4
audros,4
pinterest.se,4
tribune-assurance,4
em-consulte,4
em-normandie,4
g2,4
numen,4
ellisphere,4
adn-co.news,4
auvergne-rhone-alpes.ars.sante,4
trm24,4
novethic,4
numerique.gouv,4
autoritedelaconcurrence,4
galaxie.enseignementsup-recherche.gouv,4
webtimemedias,4
roberthalf,4
tribuca,4
nosdeputes,4
databricks,4
datacenter-magazine,4
u-pec,4
gard.gouv,4
rolandberger,4
admin.ch,4
travail-et-securite,4
wendelgroup,4
pnrs.ensosp,4
aurg,4
maine-et-loire.gouv,4
adi-na,4
aujourdhui.ma,4
datavalue-consulting,4
topformation,4
crd.ensosp,4
atd31,4
afte,4
les-experts.tech,4
unistra,4
unit,4
ingenieurs2000,4
determine,4
theses.univ-oran1.dz,4
excerpts.numilog,4
reporterre,4
univ-cotedazur,4
lagglo,4
sauvonsluniversite,4
achatpublic.info,4
convictionsrh,4
klekoon,4
inforsid,4
saint-benoit-sur-loire,4
informatique.in2p3,4
univ-reims,4
univ-smb,4
content.iospress,4
univ-tours,4
dfcg,4
infor,4
universfreebox,4
dgfip.cgt,4
infoprotection,4
dhnet.be,4
educandco,4
lalibre.be,4
ouci.dntb.gov.ua,4
repository.usthb.dz,4
union-habitat,4
bibliotheque.ena.nat.tn,4
republicain-lorrain,4
nicematin,4
reseaurural,4
delaware.pro,4
tokopedia,4
tntic,4
islean-consulting,4
enap.ca,4
tisseo-collectivites,4
cpacanada.ca,4
gereso,4
web.stanford.edu,4
marchespublics.grandlyon,4
unesdoc.unesco,4
coursehero,4
actionfirst,4
enedis,4
cours-examens,4
assets.kpmg,4
betapanieshouse.gov.uk,4
actionco,4
samovar.telecom-sudparis,4
unice,4
planbatimentdurable,4
getapp.be,4
resah,4
thierryvallatavocat,4
plan-vigilance,4
biblio.univ-evry,4
franceinter,4
latravailemploi,4
ut-capitole,4
documation,4
spm-ct975,4
lci,4
lip6,4
cdn1_3.reseaudescommunes,4
caf,4
solocal,4
zoho,4
springer,4
ledieu-avocats,4
sqli-institut,4
ldsysteme,4
caisse-epargne,4
lebonlogiciel,4
minalogic,4
finistere.gouv,4
huffingtonpost,4
dynamique-mag,4
essonne,4
perso.telecom-paristech,4
calvados.gouv,4
paysdelaloire,4
vertiv,4
alize.finances.gouv,4
cadre-dirigeant-magazine,4
eurodecision,4
finance360.sia-partners,4
vernimmen,4
cher.gouv,4
mendeley,4
hal.inserm,4
linux,4
anfa-auto,4
pf-mh.uvt.rnu.tn,4
spinpart,4
petitesaffiches,4
qapa,4
estimeo,4
fo-dgfip-sd,4
fntp,4
hal.univ-grenoble-alpes,4
fntc-numerique,4
vertego,4
al-enterprise,4
iciformation,4
has-sante,4
escholarship,4
ichi.pro,4
journal-officiel.gouv,4
perfeval.pol.ulaval.ca,4
altran,4
smartgrids-cre,4
ville-emploi.asso,4
store.steampowered,4
hds.utc,4
helloasso,4
etourisme.info,4
monster,4
capterra.lu,4
stepstone,4
amazon.de,4
caprioli-avocats,4
24pm,4
echos-judiciaires,4
joom,4
amazing.dev,4
pepite-depot.univ-lille2,4
vigilance-plan,4
livosphere,4
zenodo,4
stackoverrun,4
publicsenat,4
smalsresearch.be,4
etudier.uqam.ca,4
mooc-list,4
carrieres-publiques,4
flotauto,4
vivendi,4
amorce.asso,4
ammc.ma,4
publication-theses.unistra,4
herault.gouv,4
fliphtml5,4
centre-inffo,4
zepros,4
haute-savoie.gouv,4
lindependant,4
canal-u.tv,4
societegenerale,4
qlik,4
eure-et-loir.gouv,4
alerteinvestissement,4
cdg-aura,4
somme.gouv,4
lifl,4
budget.gouv,4
viragegroup,4
dokumen.pub,4
soluxions-magazine,4
annonces-landaises,4
cdg33,4
lecolededesign,4
juricaf,4
soundcloud,4
europe.bzh,4
eurojuris,4
documentation.ensg,4
choisirmonmetier-paysdelaloire,4
supplychainmagazine,4
pau,4
idf.chambre-agriculture,4
loiret.gouv,4
vimeo,4
lavieeco,4
cdg45,4
ontotext,4
europeandataportal,4
ead-shs.univ-st-etienne,4
cdg72,4
lematin.ma,4
orange.jobs,4
veille-collectivite.calvados,4
programmevitam,4
lelectronique,4
meformerenregion,4
pays-de-la-loire.developpement-durable.gouv,4
joblift,4
annuaire-startups.pro,4
printemps.hypotheses,4
covage,3
inrae,3
people.irisa,3
geroscopie,3
ro.ambafrance,3
1min30,3
next.owlapps,3
nextrends.swissnexsanfrancisco,3
inovera,3
wikiwand,3
gadgetsnow,3
coveo,3
saintjeandeluz,3
helpx.adobe,3
bankobserver-wavestone,3
exfilo,3
plante-et-cite,3
robertwalters,3
sofrecom,3
beep.ird,3
wikimemoires,3
cdg43,3
pedagogie.ac-nantes,3
insiders.lefigaro,3
mairie-tournefeuille,3
insidehpc,3
saint-gobain,3
actu.orange,3
axess,3
tn24.tn,3
actu-transport-logistique,3
saint-pierre-et-miquelon.gouv,3
salesforce,3
insa-lyon,3
cdg32,3
pentalog,3
cpformation,3
esrifrance,3
sofia.medicalistes,3
salon-srh,3
start.docuware,3
avignon-smile,3
fuuuccckkk.tumblr,3
bibli.ec-lyon,3
adpro2020.un-site-web,3
iae.univ-rouen,3
captodayonline,3
f5,3
sante-achat.info,3
pdf.20mn,3
newsbreak,3
cdg-64,3
bibliotheque-initiatives.fonction-publique.gouv,3
espace-sciences,3
inops,3
inhesj,3
corsenetinfos.corsica,3
snefsu,3
ntrs.nasa.gov,3
ingetis,3
corse-du-sud.gouv,3
sncta,3
legavox,3
marketing-professionnel,3
aviationlegends.nl,3
dante.univ-tlse2,3
inkidata,3
cote-dor.gouv,3
peopleperhour,3
ia-data-analytics,3
cdg22,3
next-decision,3
microsoft,3
wildcodeschool,3
carl-software,3
g2si,3
exelatech,3
micropole,3
pedagogie.ac-aix-marseille,3
ccsti973,3
static.reseaudesintercoms,3
dalloz,3
parisaeroport,3
emagister,3
courriercadres,3
courrier-picard,3
help.salesforce,3
iopscience.iop,3
les-rh,3
parisetudiant,3
cotita,3
careers.flatchr.io,3
cotes-darmor.gouv,3
humanite,3
saint-brieuc.maville,3
hesge.ch,3
splunk,3
cdg62,3
houdart,3
interstices.info,3
who.int,3
cdn.nouma,3
solutions-magazine,3
cdn.paris,3
babylonburningnews.wordpress,3
babelio,3
csidoc.insa-lyon,3
cdg61,3
intendance03,3
solutions-opensource-pour-collectivites,3
nordjob,3
rtbf.be,3
tr-ex.me,3
paperswithcode,3
rodezagglo,3
cdn1_2.reseaudescommunes,3
adec.corsica,3
hpcwire,3
b2bquotes,3
pmb-soie.univ-lyon1,3
ged.univ-lille,3
gdiy,3
solutions.lesechos,3
toutpourmanager,3
noumea.nc,3
emploi.capital,3
majikan,3
pnas,3
culture-rh,3
interopsante,3
adgcf,3
mission-freelance,3
nospoon,3
histoiresduniversites.files.wordpress,3
cc.lu,3
emploi.ci,3
nousappre,3
extranet.ucanss,3
estjob,3
spie,3
interreg-caraibes,3
training.zenika,3
adequasys,3
normandie.developpement-durable.gouv,3
rsa,3
transports.gouv.qc.ca,3
interconnectes,3
gdexpert,3
curiaropa,3
hirist,3
intefp-sstfp.travail.gouv,3
lecoindesentrepreneurs,3
hug-ge.ch,3
gard,3
emploisti,3
cedric.cnam,3
estaca,3
tresor.economie.gouv,3
cegedim,3
bdmjob,3
genie-industriel.grenoble-inp,3
novabuild,3
lesnumeriques,3
geo,3
instagram,3
mines-ales,3
experiences.microsoft,3
leclubdesjuristes,3
pdfhall,3
crcf.ac-grenoble,3
crbc.ehess,3
cartelis,3
cdg84,3
saint-etienne,3
spark-archives,3
cell,3
axysweb,3
creg.ac-versailles,3
soleadify,3
pega,3
lecfomasque,3
100-paroles,3
bbf.enssib,3
mobapi,3
tourmag,3
insurancespeaker-wavestone,3
s-h,3
nl.pinterest,3
s3-eu-west-1.amazonaws,3
getyooz,3
cavalaire,3
cristal.univ-lille,3
b-reputation,3
etd.ohiolink.edu,3
hr-path,3
cdn2_3.reseaudesvilles,3
adbs,3
cdr-copdl,3
toulouse,3
manty,3
lecese,3
sa-autrement,3
cds.cern.ch,3
emplois.ca.indeed,3
bcsolutions,3
santepubliquefrance,3
contrat-loire-annexes,3
sticef.univ-lemans,3
idc,3
hal.univ-brest,3
www150.statcan.gc.ca,3
bodbe.malon.my.id,3
bodet-software,3
tdg.ch,3
www3.microstrategy,3
evenements.infopro-digital,3
iddri,3
laquadrature,3
grdr,3
lenouveleconomiste,3
cnam-idf,3
checkpoint,3
hal.ird,3
morningstar,3
serval.unil.ch,3
service-civique.gouv,3
a06.apps.paris,3
larep,3
bordeaux.business,3
servicearchitecture.wp.imtbs-tsp,3
cmf.tn,3
services.eaufrance,3
bouches-du-rhone.gouv,3
ca.news.yahoo,3
images-et-reseaux,3
lenetexpert,3
bourgogne-franche-comte.direccte.gouv,3
a-dgs,3
graphiline,3
skema-bs,3
mazars,3
morbihan.gouv,3
pikbest,3
lehub.bpifrance,3
seine-et-marne.gouv,3
seine-maritime.gouv,3
in.reuters,3
abcal,3
mesopinions,3
charentelibre,3
entreprises-occitanie,3
eventbrite.ca,3
codalis.ch,3
bluesoft-group,3
ab-consulting,3
semantic-web-journal,3
eurecia,3
aau.archi,3
eventbrite,3
yonne.gouv,3
bmi,3
paysdegrasse,3
bmi.bund.de,3
cadredeville,3
imt,3
www-sop.inria,3
rhone.gouv,3
grantthornton,3
cnnumerique,3
eric.univ-lyon2,3
cnis.afnet,3
ca.jooble,3
ilv,3
grin,3
idele,3
synergix.ch,3
chu-rouen,3
iihm.imag,3
europe-en-auvergnerhonealpes,3
haas-avocats,3
ieif,3
ciefa,3
epdf.tips,3
support.ptc,3
silvervalley,3
civictechno,3
ihedate,3
mpe76,3
eprints.univ-batna2.dz,3
europe-martinique,3
silo.tips,3
symposium-managementpublic,3
medimarket,3
igr.univ-rennes1,3
7jours,3
syane,3
sietmanagement,3
guingamp-paimpol-agglo.bzh,3
circulaires.cdg77,3
epinal,3
mropages,3
mediatheque.supdeco.sn:81,3
xmp-consult,3
lembarque,3
iedom,3
bretagnecommerceinternational,3
cleartax.in,3
eurovia,3
ca.finance.yahoo,3
ideo-prepaconcours,3
picclick,3
group.renault,3
picardiegazette,3
laviedesidees,3
myae,3
ca-cib,3
cloud.orange-business,3
ca-ajaccien.corsica,3
bouygues,3
my.hauts-de-seine,3
tagetik,3
bpifrance-creation,3
groupeiscae.ma,3
idgconnect,3
bpms.info,3
iledefrance-mobilites,3
clinicaltrials.gov,3
c-s,3
bv.transports.gouv.qc.ca,3
clever,3
5euros,3
lemondedelenergie,3
chooseyourboss,3
bretagne.ars.sante,3
payjob,3
support.huawei,3
coe.int,3
www-igm.univ-mlv,3
thesis.univ-biskra.dz,3
montpellier,3
hbrfrance,3
content.sciendo,3
smartgrid-smartcity,3
masa.hypotheses,3
montpellier-formation-ait,3
parme-avocats,3
icao.int,3
consultor,3
bivi.afnor,3
scd-resnum.univ-lyon3,3
hauts-de-seine.gouv,3
etudes-fiscales-internationales,3
glassdoor.ca,3
wordscope,3
theanoadvisors,3
theagilityeffect,3
etudiant.lefigaro,3
leptidigital,3
globalknowledge,3
connect2ronext,3
blog-consulting-and-integration.tessi,3
info.univ-angers,3
info.undp,3
workiva,3
school.professionnallink,3
metropole.rennes,3
confrontations,3
workopolis,3
info.haas-avocats,3
information.tv5monde,3
hceres,3
blogs.oracle,3
guides.etalab.gouv,3
placegrenet,3
lafabriqueecologique,3
espace-droit-prevention,3
cestpasmonidee.blogspot,3
theses.univ-lyon2,3
gfp.revuesonline,3
lafibre.info,3
enghienlesbains,3
les-4-vents,3
bilan.ch,3
acheteurs-publics,3
news.abidjan,3
news-eco,3
lertim.timone.univ-mrs,3
marsactu,3
iau-idf,3
copainsdavant.linternaute,3
healthitoutcomes,3
healthcareitnews,3
new.siemens,3
cap-metiers.pro,3
gironde,3
leaderinfo,3
cap-com,3
thehindubusinessline,3
savoirs.usherbrooke.ca,3
achat.maregionsud,3
parlonsrh,3
gist.github,3
scielo.br,3
glosbe,3
texia,3
smartcity.brussels,3
metacpan,3
pinterest.au,3
telegrafik,3
ww2.ac-poitiers,3
naukri,3
eurasante,3
maunakeatech,3
telecom-valley,3
telecom-paris-alumni,3
lehibou,3
style.yahoo,3
college-de-france,3
collectiviteslocales,3
blog.soprahr,3
tekkit.io,3
blog.synertrade,3
cairn-int.info,3
changethework,3
colas,3
sections.se-unsa,3
abg.asso,3
cafoc-versailles,3
cafedelabourse,3
nantesstnazaire.cci,3
indeed.co.uk,3
meta-media,3
grafe,3
techrepublic,3
securitepublique.gc.ca,3
le-gresivaudan,3
abylon.veolia,3
callimaque.cndp,3
territoiredebelfort,3
smartcity-guide.afd,3
scienceopen,3
blog.arcoptimizer,3
concours-fonction-publique.publidia,3
sciencesetavenir,3
metropole.nantes,3
pinterest.pt,3
comundi,3
sciencespo-toulouse,3
blog.businessdecision,3
blog.calexa-group,3
territoires.rhonealpes,3
metropole-rouen-normandie,3
cgss-guadeloupe,3
lepetitjournal,3
territoire-numerique-libre,3
math.u-bordeaux,3
haute-garonne.gouv,3
academicpositions,3
moodle,3
pinterest.dk,3
blog.executivebiz,3
scotiabank,3
gomet,3
3af,3
telindus.lu,3
hapyface,3
blog.laval-virtual,3
nucleodoconhecimento.br,3
expernet.re,3
edureka.co,3
longchampsuraujon,3
osur.univ-rennes1,3
madics,3
limsi,3
unctad,3
demat-ampa,3
madoc.bib.uni-mannheim.de,3
amazon.es,3
archives.lesechos,3
cdc.retraites,3
organisation-performante,3
liciel,3
koffi,3
vehiculedufutur,3
opensemanticsearch,3
pss-archi,3
airmap,3
owni,3
lexpansion.lexpress,3
volle,3
associatheque,3
dergipark.tr,3
observatoire.ticee,3
voituredufutur.blogspot,3
publib.boulder.ibm,3
librairiedialogues,3
ori-oai.u-bordeaux1,3
depozit.isae,3
fondation.univ-rennes1,3
research.utwente.nl,3
portailweb.universita.corsica,3
departements,3
forum.interconnectes,3
assnat.qc.ca,3
egis,3
demos,3
unedic,3
asso-supelec,3
researchportal.unamur.be,3
ambient-it,3
openknowledge.worldbank,3
umoncton.ca,3
isidoredd.documentation.developpement-durable.gouv,3
fontenay,3
dimo-dematerialisation,3
portail-qualite.public.lu,3
alticefrance,3
atlantis-press,3
afdb,3
archive.awt.be,3
eivp-paris,3
deciderensemble,3
opiiec,3
journaldemonaco.gouv.mc,3
vosges.gouv,3
vyvs,3
aisne,3
french.alibaba,3
debitoor,3
usbeketrica,3
economictimes.indiatimes,3
votre-it-facile,3
var.gouv,3
archive.bu.univ-nantes,3
decivision,3
qweeby,3
diligent,3
ville-cognac,3
jorfsearch.steinertriples,3
digitalwallonia.be,3
quizlet,3
pseau,3
recrutement.axa,3
aoc.media,3
j360.info,3
docshare04.docshare.tips,3
dspace.univ-ouargla.dz,3
edi-mag,3
qwe.wiki,3
loot.co.za,3
recrute.pole-emploi,3
eib,3
visite-medicale-permis-conduire,3
reserves-naturelles,3
deptmedia.cnam,3
redbubble,3
aisnenouvelle,3
pwcavocats,3
fneeq.qc.ca,3
unsa-developpement-durable,3
fda.gov,3
devenir-rentier,3
open.global,3
univ-larochelle,3
agen,3
veolia,3
odoo,3
lobservateur,3
arteria,3
jobillico,3
report-one,3
fnau,3
up-magazine.info,3
univ-brest,3
agence-biomedecine,3
aifb.kit.edu,3
univ-paris1,3
loire,3
jobatic,3
arkhineo-archivage,3
relationclientmag,3
lignesdedefense.blogs.ouest-france,3
m.economictimes,3
angel.co,3
logiciels-secteurpublic.gfi.world,3
jobs.apple,3
reisswolf,3
doubs,3
di.univ-blida.dz:8080,3
aful,3
jobs.engie,3
oculus,3
fokblastek,3
vertica.tips,3
univ-tlse3,3
univ-poitiers,3
itrmanager,3
verdun,3
lifelong-learning.lu,3
dokumen.tips,3
anact,3
knowledge.uclga,3
arcueil,3
flipkart,3
eco-mobilier,3
redhat,3
documents.worldbank,3
office-et-culture,3
aiparis,3
efl,3
amf-france,3
lyoncapitale,3
issy,3
publications-prairial,3
opengovpartnership,3
digital-league,3
iutbayonne.univ-pau,3
opengrey,3
walmart,3
egc.asso,3
onlinestudies,3
editions-rnti,3
quefaire.paris,3
unimes,3
univ-amu,3
editions.lavoisier,3
m14forum,3
afs.enea.it,3
doandgo,3
franceagrimer,3
digikey,3
are-normandie,3
upthegatineau.files.wordpress,3
powerslide.io,3
powershow,3
vivre-a-niort,3
pulaval,3
opendata.corsica,3
ardi-gdi,3
aims.fao,3
droit-technologie,3
osisoft,3
dspace.univ-msila.dz:8080,3
keljob,3
ipreunion,3
apl-datacenter,3
agglo-seine-eure,3
ec-nantes,3
lu.moovijob,3
ux-republic,3
ipsos,3
akamai,3
preventionweb,3
districtadministration,3
uab.edu,3
apollo-formation,3
linfodurable,3
u-picardie,3
numerize,3
ville-valbonne,3
financespubliques.cgt,3
aqui,3
dataia,3
presse-citron,3
dzone,3
uclouvain.be,3
formations.uphf,3
formations.univ-rennes2,3
elementai,3
realite-virtuelle,3
utp,3
formations.univ-lorraine,3
formations.univ-larochelle,3
aurm,3
utt,3
apk-dl,3
nuxeo.edel.univ-poitiers,3
agglo-saintquentinois,3
formations.univ-grenoble-alpes,3
ville-rail-transports,3
promeo-formation,3
prodwaregroup,3
docme.su,3
forge.greyc,3
tunisiemploi.tn,3
progedo-adisp,3
appelsaprojets.ademe,3
doc.lagout,3
albacharia.ma,3
ebay.co.uk,3
raweb.inria,3
library.oapen,3
formation-bigdata,3
formasup-npc,3
ipaidthat.io,3
mairie-labouexiere,3
formation.etoile.regioncentre-valdeloire,3
orbilu.uni.lu,3
eaton,3
aginius,3
rhinfo.adp,3
mairie-elbeuf,3
auvergnerhonealpes,3
orcom,3
dl.bourse.lu,3
formafast,3
econpapers.repec,3
projects.listic.univ-smb,3
formation.univ-pau,3
louisderrac,3
keyrus,3
ebg,3
juridique.defenseurdesdroits,3
juliette-presse,3
alamy,3
alamyimages,3
villemurlin,3
linkurio.us,3
fujitsu,3
villeparisis,3
rfcomptable.grouperf,3
aue.corsica,3
aneo,3
utc,3
docs.citrix,3
polymtl.ca,3
dcns-recrute.talent-soft,3
audionow,3
aithority,3
oieau,3
paca.developpement-durable.gouv,3
oai.repec,3
aua-toulouse,3
dx.doi,3
ressources.itfacto,3
ville-martigues,3
directions,3
librairieparoles,3
eksae,3
alsight,3
fipeco,3
factuel.univ-lorraine,3
recherche.univ-pau,3
lirsa.cnam,3
loria,3
aphp,3
ludomag,3
echanges.dila.gouv,3
keep,3
utbm,3
magileads,3
mtes-mct.github.io,2
hal-hceres.archives-ouvertes,2
orleans-metropole,2
mulhouse-alsace,2
sirva,2
onepetro,2
sisbod.mylent.biz.id,2
sirris.be,2
gtech.tr,2
claranet,2
mt,2
doc.ubuntu-org,2
my-forum,2
dogfinance,2
singletrackworld,2
eolmernormandie.debatpublic,2
patentscope.wipo.int,2
sirh.sia-partners,2
fondapol,2
sgen-cfdt,2
ecole-club.ch,2
siphonium3.rssing,2
hakacia,2
docs.datastax,2
ecophytopic,2
qualiteperformance,2
prfc.scola.ac-paris,2
qwesta,2
pret-aux-particuliers,2
patimes,2
clarans-consulting,2
pharma.nridigital,2
cloud.esker,2
sip.gouvernement.lu,2
side.developpement-durable.gouv,2
ecole,2
motive.cemagref,2
r.lvmh-static,2
hal-lirmm.ccsd.cnrs,2
dordognelibre,2
docs.irods,2
doc.arcgis,2
dordogne,2
chercher-archives.lamayenne,2
pfia2020,2
quadient,2
doc-etudiant,2
pfi-culture,2
docs.evergreen-ils,2
clsac,2
europris,2
cherbourg,2
fi.pinterest,2
focusifrs,2
pressmyweb,2
gs1senegal,2
pasteur,2
group.bnpparibas,2
douane.gouv,2
formation-continue.enpc,2
ecoinfo.cnrs,2
qualibat,2
mospace.umsystem.edu,2
sfrbusiness,2
sicontact,2
doc.sciencespo-lyon,2
sfsic,2
docs.phraseanet,2
site.ldh-france,2
sin2.din.developpement-durable.gouv,2
oodrive,2
donetechno,2
sitec.corsica,2
pressroom.oecs,2
mosaic.allenai,2
cloudlist,2
doc.dataiku,2
gsma,2
qualiblog,2
pfongue,2
sicara,2
mosarca,2
sia,2
groupagora,2
docs.ternum-bfc,2
docusign,2
epsu,2
groupe-helis,2
questia,2
docs.chemaxon,2
silpc,2
shop.hpceurope,2
shokola,2
cist.cnrs,2
silver-economy-expo,2
docpatient,2
clementine.jobs,2
ornex,2
opal-rt,2
mpiwg-berlin.mpg.de,2
mpg-partners,2
mpfrance,2
groupecreditagricole.jobs,2
europe-en-nouvelle-aquitaine,2
murielle-cahen,2
claudesuper,2
phast-association,2
phast,2
shipitafrica,2
epinalinfos,2
docsity,2
documentation.onisep,2
oncfs.gouv,2
documentation.brightspace,2
signexpert,2
shom,2
quimper.bzh,2
europeandatajournalism,2
primabord.eduscol.education,2
on5vl,2
orse,2
sigtv,2
cleiss,2
quora,2
siilearning,2
guyane-amazonie,2
philo.univ-rennes1,2
guyane-sig,2
cio-practice,2
epithete,2
guideinformatique,2
fonderie-infocom,2
guyane.developpement-durable.gouv,2
silvereconomyforum,2
sig2015.esrifrance,2
omnialegal.co.uk,2
chu-nantes,2
msuscicomm,2
docs.tigergraph,2
simplicite,2
simplifiezvouslapaie,2
clinicaneopolis.br,2
sgsgroup,2
epsilon.insee,2
docs.coveo,2
clisp,2
citoyensavertis,2
groupe-psa,2
guadeloupe.gouv,2
chu-angers,2
docs.tibco,2
omniburo,2
hackernoon,2
docassas.u-paris2,2
docaposte-recrute.profils,2
orne.gouv,2
simulation.su,2
documents1.worldbank,2
cic,2
groupebpce,2
multitouchanalytics,2
guide-experts-comptables,2
clg-henri-agarande.eta.ac-guyane,2
printempsmarseillais,2
racingnet,2
docs.trendmicro,2
europe-en-france.gouv,2
query.prod.cms.rt.microsoft,2
gynelog.asso,2
groupe-t2i,2
cidrdb,2
citizenlab.co,2
groupe-sos,2
groupe-ros,2
phoenixcontact,2
classes.usc.edu,2
querrien.bzh,2
share.polymtl.ca,2
sharcen.blogspot,2
phonandroid,2
similaires,2
cjoint,2
dassault-aviation,2
siv.archives-nationales.culture.gouv,2
cehistoire.hypotheses,2
prose.univ-grenoble-alpes,2
softcomputing,2
hespress,2
dws,2
cellvizio,2
prosperologie,2
ordinateur.cc,2
ethoparc,2
optictechnology,2
eticoncept,2
protectionsecurite-magazine,2
cemse.kaust.edu.sa,2
modules-iae.univ-lille,2
firah,2
penseemiliterre,2
dydu.ai,2
essonne.gouv,2
ess-bretagne,2
finopsys,2
solartis,2
highco,2
mobility-for-business,2
mobility-work,2
cecurity,2
cedefopropa,2
files.eric.ed.gov,2
fil.univ-lille1,2
mobiskill,2
sogelink,2
figshare,2
cegedim-logiciels,2
optimizao,2
hetic,2
est-ensemble,2
sodifrance,2
espresso-jobs,2
hal.telecom-paris,2
mon-entreprise-numerique,2
centresocialgerardphilipe,2
help.talend,2
centroedumatematica,2
help.tableau,2
help.solidworks,2
processitbyphdbs,2
espaces-numeriques,2
dtrf.setra,2
help.qlik,2
monatourisme,2
espaces-naturels.info,2
help.optimal-systems,2
help.ivanti,2
help.hcltechsw,2
moncoinlivresque,2
centreofficielles,2
centrejob,2
fifty-wine,2
societe-informatique-de-france,2
centraliens-entrepreneurs,2
mollat,2
dunforce,2
centre-francais-fondations,2
ordrecrha,2
first-tf,2
centre-val-de-loire.direccte.gouv,2
centre-valdeloire,2
centreantoinelacassagne,2
espelia,2
opportunites-technos,2
fiscalonline,2
oppida,2
people4impact,2
espaces-transfrontaliers,2
hightech.edu,2
promultis.info,2
files.ifi.uzh.ch,2
fimarkets,2
profils.estia,2
files.stample.co,2
et-com,2
hitachi-solutions,2
orange,2
historyofinformation,2
cdg56,2
cdg60,2
cdg63,2
finance.orange,2
cdg67,2
solutionsreview,2
cdg77,2
project-lambda,2
cdg86,2
cdg40,2
fimac,2
e-biblio.univ-mosta.dz,2
easychair,2
ml.ambafrance,2
sorbonne-icss.univ-paris1,2
cdexpert,2
professionnels.ofb,2
eau-rhin-meuse,2
easyserviceinformatique,2
professionbanlieue,2
mmt.io,2
mnesys-viewer.archives-finistere,2
files.xz,2
cdg24,2
cdg26,2
sonovision,2
pearson,2
cdg29.bzh,2
financeactive,2
proevolution.pro,2
e3a-polytech,2
financement-logement-social.logement.gouv,2
projexium,2
hired,2
findaphd,2
ec-lyon,2
produits.batiactu,2
hippocad,2
proman-emploi,2
cdoalliance,2
cdom93,2
production-maintenance,2
e-citiz,2
hindawi,2
solidaire-info,2
finindev,2
mobilit.belgium.be,2
projexion,2
find-and-updatepany-information.service.gov.uk,2
e-marchespublics,2
projet-isika,2
cdiscussion,2
cdlu,2
cdn-contenu.quebec.ca,2
e.20-bal,2
finances.gov.ma,2
cdn.cnetcontent,2
pdfslide,2
optioncarriere.tn,2
e-pub.uni-weimar.de,2
ebp,2
hiscox,2
solution-bi,2
cdn.trombino,2
cdn.website-editor,2
monde-diplomatique,2
oree,2
snitem,2
esa.int,2
chaire-cyber,2
es.scribd,2
fmsh,2
chaire-eppp,2
eup,2
fnac.be,2
euratechnologies,2
fibres-energivie,2
pure.au.dk,2
puteaux,2
puy-de-dome.gouv,2
chambersign,2
champigny94,2
handipole,2
changenow-summit,2
chaire-comptabilite-ecologique,2
slate,2
mooc-francophone,2
hapticmedia,2
moocdigitalmedia.paris,2
publicimpact,2
orientation-education,2
eu-smartcities,2
pubs.rsc,2
perso.limsi,2
harwell-management,2
sma-partner,2
dri,2
esadse,2
ch.linkedin,2
pulsalys,2
pulsar-agency,2
pulse.microsoft,2
dresmosearch,2
ecoactu.ma,2
channelbiz,2
dr.ntu.edu.sg,2
euraxess.ecropa,2
hal.univ-reunion,2
hal.univ-reims,2
ecoco2,2
petiterepublique,2
prnewswire.co.uk,2
foad-mooc.auf,2
ecofoot,2
hal.univ-antilles,2
ergonomie-self,2
petitsfreresdespauvres,2
ergalis,2
payscale,2
erasme,2
eramet,2
pfam.xfam,2
download.cnet,2
halieutique.agrocampus-ouest,2
download.schneider-electric,2
dphu,2
pwc.ch,2
ecoaustral,2
open.spotify,2
paysmidiquercy,2
dpo-consulting,2
skillvalue,2
skillsoft,2
fno,2
skiller,2
halteobsolescence,2
pro.auvergnerhonealpes-tourisme,2
ecocites.logement.gouv,2
pyrenees-pireneus,2
pythagore-fd,2
fluxym,2
smartbuildingsalliance,2
monde-proprete,2
openska,2
moneysavingexpert,2
flemalle.be,2
cesar-conference,2
openreview,2
hec.edu,2
flexgrid,2
oreilly,2
pepite.univ-lille2,2
per-angusta,2
etsmtl.ca,2
hebergement.u-psud,2
echosciences-hauts-de-france,2
perelafouine,2
monmandatlocal,2
cetu.developpement-durable.gouv,2
certifproancecompetences,2
cerpeg,2
publications.ut-capitole,2
helicomicro,2
mondedesgrandesecoles,2
cercomm,2
prweb,2
hello-pomelo,2
cereq,2
cerfrance,2
cergy,2
peoplespheres,2
helios.mi.parisdescartes,2
flalmsa,2
snes.edu,2
espace.inrs.ca,2
flane,2
dspace,2
opentext,2
openmairie.readthedocs.io,2
smile,2
monnet-mermoz,2
cfa-epure,2
cg92.gestmax,2
cgalsace,2
montreal.ca,2
public.geoide,2
hautesavoie,2
etudes-normandie,2
pericles-group,2
montrediesel,2
eservices.brest,2
opengovasia,2
drone-malin,2
pro.orange,2
cgsp-silver-economy,2
drone-developpement,2
openfoodfacts,2
openhealthnews,2
montpellier-management,2
public-expo,2
smartrecruiters,2
ptvgroup,2
openhost-network,2
smd3,2
cfdt-cheminots-dijon,2
drones-center,2
cfdt-ufetam,2
smartnskilled,2
fichiers.acteurspublics,2
hcfea,2
dronerules.academy,2
pcmag,2
flexsi,2
ficonsulting,2
etudes-et-analyses,2
eveilpolitique.blogspot,2
pierrelombardarchiee,2
randstadusa,2
defenseurdesdroits,2
reseaux-com,2
geoguyane,2
plattform-i40.de,2
reseaux-et-canalisations.ineris,2
nicerendezvous,2
defnat,2
ehess,2
portail.polytechnique.edu,2
formation-it,2
oblis.be,2
geo.data.gouv,2
ehpad-magazine,2
professionnallink,2
crcom.ac-versailles,2
expert-comptable-tpe,2
portail.pigma,2
dekamer.be,2
expectra,2
deliberations.rhonealpes,2
geomag,2
observatoire-metallurgie,2
nexworld,2
demain,2
saint-quentin-en-yvelines,2
franz,2
cpie-centrecorse,2
saint-medard-en-jalles,2
en.youscribe,2
geomartinique,2
saint-gregoire,2
fratmat.info,2
paris-est-sup,2
reseau.sciencespobordeaux,2
observatoire-europe-afrique-2020,2
portailgroupe.afnor,2
expertcomptable-paris,2
sailingscuttlebutt,2
freehali,2
eila.univ-paris-diderot,2
saas-finances,2
cri.ensmp,2
emplois-web,2
emplois-informatique,2
genders.au,2
freepng,2
gendarmerie.interieur.gouv,2
portail-ie,2
objectif-france,2
ekaw2020.inf.unibz.it,2
pluralsight,2
s3ld.turkana.go.ke,2
crm-pour-pme,2
crn,2
gen.grandestnumerique,2
decisionatelier,2
generixgroup,2
freeimages,2
cren.univ-nantes,2
genomicvision,2
expertini,2
emprego.pt,2
deepdyve,2
emploitheque,2
creditjob,2
faq-logistique,2
objetconnecte,2
genie-electrique.insa-strasbourg,2
eiffage,2
safehost,2
objectivity,2
geneve.ch,2
decitre-corporate,2
emploisenegal,2
reseau-eau.educagri,2
reseau-cti,2
frandroid,2
efe,2
francemobilites,2
efinancialcareers,2
plan-iatoss.univ-littoral,2
pourquoi-l-ux-design,2
newsd.admin.ch,2
efisciences,2
resacoop,2
cosoter-ressources.info,2
cost-house,2
sandre.eaufrance,2
francenum.gouv,2
cote-azur.cci,2
research-collection.ethz.ch,2
francevilledurable,2
oc-cooperation,2
sanscontact.wordpress,2
desktop.arcgis,2
samsa,2
fc.isima,2
detailingshine,2
francefintech,2
fcga,2
corse-energia,2
desvigne,2
corse-information.info,2
santelog,2
gettyimages.ch,2
corsematin,2
eesi,2
repreneurs,2
corsicadrone,2
corsicahautdebit.corsica,2
gettyimages,2
engadget,2
couleurslandes,2
newspapers.library.in.gov,2
georisques.gouv,2
deplacementspros,2
gestion-des-temps.bodet-software,2
departement13,2
gesteau,2
next-finance,2
gesdee,2
exercices-pdf,2
covherfrance.wordpress,2
democratie.app,2
encyclopedie-dd,2
saintnazaire,2
nextformation,2
democracyos.consultation.etalab.gouv,2
observatoire-reussite-educative,2
dematerialiser,2
observatoire-metiers-banque,2
courses.cecs.anu.edu.au,2
depot-e.uqtr.ca,2
franchisedirecte,2
cours-gratuit,2
planete-ird-sustainability-science,2
coupederobotique,2
fastcompany,2
newsroom.groupebpce,2
gestionsociale,2
sam7blog42.sweetux,2
courdescomptes.be,2
courdescomptes.ma,2
research.nelson-hall,2
deptinfo.unice,2
salviadeveloppement,2
cours-de-droit,2
deptinfo.cnam,2
gestionpaiegrhquichoisir,2
salonsme,2
s3.amazonaws,2
obamawhitehouse.archives.gov,2
expertsystem,2
extranet.upcasse.syndicat.min-e2,2
revuechercheur,2
database.guide,2
fabricationmecanique.files.wordpress,2
revuefiduciaire.grouperf,2
d-nb.info,2
extwprlegs1.fao,2
pages.uncc.edu,2
revuefrancaisedecomptabilite,2
novarchive,2
data.technopolice,2
emfor-bfc,2
novell,2
emerson,2
d3tspamaz31jkd.cloudfront,2
revuegestion.ca,2
pages.cs.wisc.edu,2
nouvelleviepro,2
pagesperso.g-scop.grenoble-inp,2
rocketlawyer,2
cvbeta.post-gazette,2
gargantua.polytechnique,2
datacommune,2
roeulx,2
cybercercle,2
nutanix,2
rocq.inria,2
revue-quartmonde,2
revue-urbanites,2
cyberjobs,2
cyberjustice.blog,2
cyberleninka,2
pocket-lint,2
datacenterdynamics,2
nouvelles.ulaval.ca,2
ro.pinterest,2
data.legilux.public.lu,2
dataconnect.hdtechnology,2
risknat,2
riskassur-hebdo,2
em3.uk,2
pagof,2
data-science.llnl.gov,2
nserc-crsng.gc.ca,2
data-moove,2
ntnuopen.ntnu.no,2
pointecoalsace,2
fundazione.universita.corsica,2
data-intelligence,2
elwatan,2
eluta.ca,2
nuitdeschercheurs-france,2
elsevier,2
rhonefm.ch,2
ema.groupe-igs,2
nrpyrenees,2
faapa.info,2
fypeditions,2
numerique-culturel,2
podcasts.apple,2
gaite-lyrique,2
pole-scs,2
rnci.clicfrance,2
rncan.gc.ca,2
pamventiseri.blogspot,2
podcloud,2
pagesperso.lip6,2
dakotabox,2
poddtoppen.se,2
dalkia,2
nrc-publications.canada.ca,2
rh.roullier,2
functional-fitness-for-older.pdf.mundodelvending,2
gart,2
nouvelle-aquitaine.cci,2
debian-handbook.info,2
cs.rpi.edu,2
nomosense,2
rtl,2
elastic.co,2
gdt.oqlf.gouv.qc.ca,2
fair4b,2
elastopole,2
resurchify,2
cse.psu.edu,2
retengr,2
gdria,2
csepr.ca,2
db-engines,2
emploi.fhf,2
polytech.univ-nantes,2
factornews,2
ressources-de-la-formation,2
poolparty.biz,2
paca.direccte.gouv,2
pmatz-conseil,2
crous-rennes,2
ekladata,2
frenchtechbordeaux,2
exploitant,2
ressources-bim.enpc,2
frenchtreasuryintheus,2
cryptoast,2
rue89lyon,2
rue89bordeaux,2
nocoug,2
nodesign,2
ddrhonealpesraee,2
rubycat,2
ddl.cnrs,2
ged,2
davidbihanic,2
emploi.developpez,2
fsr.ac.ma,2
paperblog,2
culturefpv,2
revue-belveder,2
notes.knowledgefutures,2
notretemps,2
datagenius,2
nuukik,2
politiques-innovation,2
revue-cossi.info,2
dataevent,2
revue-ein,2
cursus.edu,2
revue-eti,2
revue-etudes,2
cursus.univ-rennes2,2
curvature,2
pageperso.lis-lab,2
extranet.nimes,2
retronik,2
revmed.ch,2
electronique-eci,2
nytimes,2
emploi.cnrs,2
fs.ummto.dz,2
gdac.uqam.ca,2
papers.ssrn,2
noscommunes.ca,2
elegia,2
routledge,2
emploi.cea,2
revipac,2
datascientest,2
rouen,2
nxtbook,2
dataprint,2
eelv,2
newsassurancespro,2
placepublique-rennes,2
securities-services.societegenerale,2
securite-sociale,2
securite-routiere.gouv,2
record-net,2
graduates.name,2
cogmaster.ens.psl,2
cognex,2
ogbl.lu,2
events.uliege.be,2
fehap,2
graal.ens-lyon,2
dilitrust,2
coheris,2
pasdecalais,2
recrutement-it,2
recrutement-next-decision,2
gralon,2
sedif,2
recrutement.airfrance,2
dimo-analytics,2
osharopa,2
sellaconseils,2
code-3,2
recherche.via-competences,2
nanowerk,2
seineouest,2
fortinet,2
dior-finance,2
seinemaritime,2
eventostango.ch,2
forum-des-competences,2
forum-epfl.ch,2
seggat.unicaen,2
grand-dax,2
dimosoftware,2
secretariatgeneral.umontreal.ca,2
secret-bases.co.uk,2
namur.be,2
offre-de-formations.univ-lyon1,2
search.ndltd,2
search-ext.abb,2
natixis,2
evolution5,2
comarch,2
forum.clubnews,2
forum.etalab.gouv,2
comart-design,2
digitalforallnow,2
editionmultimedia,2
digitalescapade,2
ensimag.grenoble-inp,2
recrutimmo,2
precisement,2
forum.projetsdiy,2
search.proquest,2
searcheuropeanjobs,2
colibris-nancy,2
collegejuridique.ro,2
entreprendre-en-guyane,2
nasdaq,2
digitech,2
sec.report,2
recrutement.bpce,2
entpe,2
collectionscanada.gc.ca,2
pingpdf,2
enterprise-knowledge,2
enterprise-kg-cdl-online-meetup.heysummit,2
pinpdf,2
forum.arduino.cc,2
digitalrecruiters,2
seatons.co.uk,2
forum.canardpc,2
dipot.ulb.ac.be,2
recherche.umontreal.ca,2
commandepublique.ha-py,2
grenet.drimm.u-bordeaux1,2
services-automobile,2
fetedelascience,2
gref-bretagne,2
cms.law,2
presse.macif,2
fesum,2
rbcits,2
rbdd.cnrs,2
rcf,2
myriad-data,2
enviroboite,2
greenit,2
rcinet.ca,2
formations-geomatiques.developpement-durable.gouv,2
dixit.bnpparibasfortis.be,2
ecranmobile,2
grenier.qc.ca,2
rdvemploipublic,2
services.dgesip,2
picuki,2
dna,2
ecoter,2
dm.oceaneconsulting,2
setal,2
sesame-informatique,2
clusif,2
presselib,2
sesam-vitale,2
dlg.msa,2
clustermap.ca,2
grenoble-ecobiz.biz,2
grenoble,2
servicesmobiles,2
dl.uswr.ac.ir,2
green-law-avocat,2
cnam-paysdelaloire,2
edfrecrute.edf,2
poitiers,2
entreprises.nouvelle-aquitaine,2
disciplines.ac-toulouse,2
grandsprixinnovation.paris,2
edb.upmc,2
forteza,2
recherche.ign,2
grandparissud,2
co.pinterest,2
osf.io,2
grandpariscirculaire,2
edepot.wur.nl,2
semrush,2
seminaires-orsys,2
edess,2
osha.gov,2
cnll,2
entreprisesnumeriques.co,2
mysih,2
distributique,2
serendipidoc,2
serda,2
cnas,2
sephira,2
read.pudn,2
myteknow,2
cnecj,2
cnet,2
cnetfrance,2
sentelis,2
cnfce,2
entrouvert,2
graphorum2019.dataversity,2
formations.univ-fcomte,2
graphistry,2
comite21quebec,2
navcanada.ca,2
saone-et-loire.gouv,2
dge-et-vous.entreprises.gouv,2
parolesdelus,2
consultation.avocat,2
dfie.ac-lyon,2
neural-decision,2
sc20.supercomputing,2
fdl-lef,2
framablog,2
octopuslab,2
sc1.checkpoint,2
enib,2
octo.academy,2
contexte,2
sbir.gov,2
renault.referrals.selectminds,2
sba.gov,2
dgct.gouv.ml,2
relations-publiques.pro,2
exascale.sandia.gov,2
education.oracle,2
partages.insa-rennes,2
conseil-municipal.geneve.ch,2
ouestfrance-emploi,2
conseil.arketeam,2
education.newstank,2
enlargeyourparis,2
schody-czarnocki.pl,2
global.oup,2
schedule2013.rmll.info,2
glassdoor.co.uk,2
scet,2
constellation.uqac.ca,2
glassdoor.ch,2
relations-clients,2
exakis-nelite,2
rendre-notre-monde-plus-sur.goron,2
exascaleproject,2
conseil-constitutionnel,2
france.attac,2
news.adakar,2
deve.univ-amu,2
sarthe,2
dev.occitanica,2
news.knowledia,2
ppforum.ca,2
news.sap,2
corporate.alphavalue,2
reportwise,2
corporate.livingactor,2
repositorio-aberto.up.pt,2
ee.columbia.edu,2
exclusive-networks,2
oci,2
eeko-podcast,2
sasp,2
edugroupe,2
france-handicap-info,2
pl-pl.facebook,2
nevers,2
educmath.ens-lyon,2
new.abb,2
eduformafrique,2
rennlist,2
savemoney.es,2
france-jobs.info,2
coolcom.bzh,2
developers.refinitiv,2
france-silvereco,2
copadata,2
parlament.ch,2
gipcafescultures,2
saumur-kiosque,2
copyright,2
conseil-entreprise,2
scholar.google.co.uk,2
gouv.mc,2
digital-aquitaine,2
reed.co.uk,2
oect.tn,2
ensci,2
comparatif-logiciels-medicaux,2
forums.futura-sciences,2
ensai,2
compredia,2
scitepress,2
forums.infoclimat,2
reflex-solutions,2
ensae,2
participation-et-democratie,2
forums.jeuxonline.info,2
gobelins,2
scinfolex,2
companeo,2
community.ui,2
scimagojr,2
community.spiceworks,2
commons.wikimedia,2
commscope,2
nb-no.facebook,2
editions-rgra,2
communeimage,2
sdis30,2
forum.ubuntu-org,2
communication-blog,2
sdem50,2
sdec-energie,2
sd-magazine,2
enseirb-matmeca.bordeaux-inp,2
enseirb-matmeca,2
community.intel,2
community.jalios,2
compte-pro,2
feelu,2
conrad,2
enovacom,2
dice,2
fedom,2
diccan,2
regions-france,2
regionsmagazine,2
reglementation-polmer.chez-alice,2
globalsign,2
ouedkniss,2
connaissancedesenergies,2
evron,2
educaction7627,2
diaconescotv.canalblog,2
netiq,2
connexion.lesaffaires,2
ewag,2
science-et-vie,2
evreuxportesdenormandie,2
go.sellsy,2
conference.knowledgegraph.tech,2
computerbase.de,2
regardscitoyens,2
other-methods.co.uk,2
go.oracle,2
edoc.site,2
neozone,2
odyssea-bleu,2
odsas,2
gnoss,2
concours-mines-telecom,2
concours.developpement-durable.gouv,2
concoursn,2
praxeme,2
regions-et-formation,2
dicen-idf,2
sorties-agglo-troyes,2
"#""",2
etapes,2
biblio.vub.ac.be,2
thomashumery,2
albayane.press.ma,2
jura,2
marianne,2
alaune.audap,2
linguee.nl,2
linguee.es,2
jurisconsulte,2
bibliopiaf.ebsi.umontreal.ca,2
marketing-management.io,2
marketdataforecast,2
bibliotheque.utc,2
inha,2
bibliotheques.wallonie.be,2
bibliotheques.wordpress,2
biblos.hec.ca,2
linfodrome,2
ingetel-bet,2
albus,2
maregionsud,2
vinci-energies,2
link.univ-cotedazur,2
timbr.ai,2
tikographie,2
best-component,2
best-masters,2
tigergraph.cn,2
alfortville,2
marchespublics.loire,2
villerslesnancy,2
linkeddata.insa-rouen,2
ales,2
tibco,2
marchespublics82,2
vincennes,2
vincent.callebaut,2
innotrade,2
bfc-international,2
innobyte.dz,2
theverge,2
big-data-com,2
alineabyluxia,2
thelancet,2
limeil-brevannes,2
infotel,2
theqalead,2
vivetic-group,2
lim.univ-reunion,2
themeforest,2
aides-territoires.beta.gouv,2
kapitalis,2
thehindu,2
ajed-mr,2
informatique05,2
theguardian,2
biovalley-france,2
informations.handicap,2
birdeo,2
thebusinessplanshop,2
informatica,2
agro-media,2
infoterre.brgm,2
vitry94,2
air-cosmos,2
vitrine.universita.corsica,2
lindustrie40,2
lindustrie-recrute,2
theses.univ-batna.dz,2
marketwatch,2
aixenprovence,2
aitf,2
bigthingsconference,2
visionarymarketing,2
aisne.gouv,2
aisel.aisnet,2
linc.cnil,2
bilderberg,2
billaut.typepad,2
jybaudot,2
airbnb,2
billettique,2
kaggle,2
marchespublics.dordogne,2
aliptic,2
amanapress,2
bct.gov.tn,2
institutsapiens,2
bci-qc.ca,2
manpower,2
institutreindus,2
institutpascal.uca,2
alternancemploi,2
journaldugeek,2
totaljobs,2
bctg-avocats,2
journals.aom,2
total.direct-energie,2
manutan-collectivites,2
total,2
bdc.ca,2
ville-lehaillan,2
altametris,2
mapa.aji-france,2
institut-numerique,2
tourdefrance-demat,2
journaldequebec,2
alternatives-economiques,2
bci-banque,2
joram.ow2.io,2
ville-chaville,2
bayonne,2
alyra,2
intd.cnam,2
alvinet,2
toute-la-franchise,2
litslink,2
alumnius,2
journal-du-btp,2
bbntimes,2
ville-en-mouvement,2
liti,2
journaldelagence,2
bceao.int,2
journaldelenvironnement,2
alterrebourgognefranchecomte,2
ville-lepecq,2
bdpa.cnptia.embrapa.br,2
berger-levrault-career.talent-soft,2
allegrograph,2
alliancebigdata,2
ville-vieux-conde,2
marches-publics.villeurbanne,2
benavent,2
marches.cg13,2
bengs-lab,2
jstage.jst.go.jp,2
inqom,2
"#""}]",2
institut-entreprise,2
linternaute,2
tipsandtrics,2
marches.megalis.bretagne.bzh,2
beopenit,2
marches2.lyon,2
villefontaine,2
tintdude,2
marchespublics.agglo-accm,2
belharra,2
alliancegreenit,2
belex.sites.be.ch,2
marches-publics.allier,2
alphorm,2
ville-plouzane,2
liris.cnrs,2
bea.aero,2
mapmarrakech.ma,2
toolbox.google,2
alpha-rlh,2
alnaasher,2
ville-rodez,2
tonerpartenaire,2
almavia,2
ville-rouvroy62,2
bedetheque,2
lipn.univ-paris13,2
alloweb,2
ville-senlis,2
allnews.ch,2
bitnine,2
kb.tableau,2
infoq,2
aforem,2
knowledge.autodesk,2
blog.u-bourgogne,2
blog.valoxy,2
maxi-mag,2
maxicours,2
leyton,2
tecsol.blogs,2
indeed.procom.ca,2
web-semantique.developpez,2
blogs.univ-tlse2,2
blogs.3ds,2
afnor,2
techtribune,2
incubateur-descartes,2
blogs.gartner,2
blogs.lexpress,2
blogs.mediapart,2
blogs.sas,2
indexation.univ-fcomte,2
blog.stratus,2
indexware,2
wearecp,2
kleegroup,2
blog.octo,2
afshm,2
telecomnancy.univ-lorraine,2
blog.orsys,2
telecom-sudparis,2
indico.cern.ch,2
telecom-paris,2
telecom-evolution,2
blog.revolve.team,2
lgi2a.univ-artois,2
blog.savoirfairelinux,2
indiamart,2
mawarid.ma,2
lgi.centralesupelec,2
blog.sellandsign,2
we-explore,2
inbenzhap.de,2
ina-expert,2
licornesociety,2
tavema-maconnerie,2
team-henri-fabre,2
board,2
tdx.cat,2
tdcorrige,2
tdc,2
tco.re,2
aerow.group,2
leveilleur.espaceweb.usherbrooke.ca,2
taurillon,2
afm.asso,2
aeromontreal.ca,2
immo2.pro,2
bookdepository,2
webmarketing-school,2
mde-estvar,2
tarn-et-garonne.gouv,2
target,2
immersion,2
mcgmanagers,2
bmwi.de,2
mccourier,2
tecb,2
mbda-systems,2
afges,2
affordance.typepad,2
techno-science,2
bluebearsit,2
bluecart.de,2
affi.asso,2
affairesuniversitaires.ca,2
imu.universite-lyon,2
koltech,2
webapps.ifad,2
techdocs.broadcom,2
lexisnexis,2
bmi-axelent,2
bmi.agglo-epinal,2
mcafee,2
lexcity,2
lias-lab,2
lib.dr.iastate.edu,2
telegraph.co.uk,2
keyade,2
library.wmo.int,2
library.stanford.edu,2
blog-techteam,2
agiledss,2
blog.acpformation,2
tetu,2
vuduchateau,2
info-utiles,2
keyence,2
watchguard,2
masterunic,2
usbazas,2
testberger-levrault-career.talent-soft,2
blog.atempo,2
blog.atolcd,2
agglo-saintes,2
vwvicto,2
agglo-plainevallee,2
kent.edu,2
blog-logiciel-btp,2
blog-french-iot.laposte,2
agirhe-concours,2
massy-europe,2
theatre-union,2
vosges,2
kdnuggets,2
vox,2
blackcalifeee,2
agoria.be,2
blada,2
agoravox,2
keley-consulting,2
agoranews-experience-client,2
kellyservices,2
vpge.stanford.edu,2
infoburomag,2
mastergeoprisme.wordpress,2
librarything,2
info.univ-tours,2
agglo-nevers,2
librairies-alip,2
terville,2
walterfrance-allinial,2
tendancedroit,2
blog.horizontalsoftware,2
tempsdavance,2
temoignages.re,2
libra.unine.ch,2
wargny,2
blog.ippon,2
teluq.ca,2
telquel.ma,2
wartsila,2
agefi,2
washingtonpost,2
matmut,2
blog.lesjeudis,2
telepilote,2
blog.luz.vc,2
blog.mediaveille,2
blog.grakn.ai,2
walmart.ca,2
agglo-moulins,2
tendanceouest,2
inf.usi.ch,2
territorialchallenges,2
territoires.nouvelle-aquitaine,2
agglo-maubeugevaldesambre,2
agglo-lenslievin,2
blog.csdn,2
blog.dbpedia,2
ineris,2
librairiemartin,2
librairielesvolcans,2
kijiji.ca,2
agglo-boulonnais,2
blog.engineering.publicissapient,2
agevillagepro,2
tenerrdis,2
agence-nationale-recherche,2
tenders.rfpalertservices,2
manche.gouv,2
batiproduits,2
iml.univ-mrs,2
unesco,2
assembly.coe.int,2
assets.ext.hpe,2
assets.ey,2
valeriafauremuntian,2
uni-kl.de,2
made-in-china,2
apk-get,2
assises-genetique,2
valorisrh,2
jeuxvideo,2
asso-declic,2
apixit,2
assoafrv.wordpress,2
assoce,2
association-apeca,2
association-aristote,2
undp,2
undossieruneplace,2
assaslegalinnovation,2
unibz.it,2
valenceromansagglo,2
asn,2
val-doise.gouv,2
uniti.ca,2
arxiv-vanity,2
m4dm4x,2
uniprot,2
louyehi.wordpress,2
asi,2
valdemarne,2
iswc2020.semanticweb,2
macleans.ca,2
uniha,2
unige.ch,2
askubuntu,2
unidivers,2
macommune.info,2
app.laou,2
valence,2
lot.gouv,2
jeveuxetredatascientist,2
artsetmetiers,2
atlassian,2
athena.u-pec,2
varmatin,2
jlbdata,2
isd-community,2
isca-speech,2
jle,2
atlas.irit,2
magellan-partners,2
uis.unesco,2
assurance-maladie.ameli,2
atmo-grandest,2
atolls-polynesie.ird,2
uicn,2
uic,2
apc,2
apbt.tn,2
atout-dsi,2
atp-formation,2
isep,2
isere.gouv,2
ultimo,2
ultipa,2
assurbanque20,2
umvf.omsk-osma.ru,2
isiscom,2
lorientlejour,2
umr5600.cnrs,2
apgl64,2
isidore.science,2
mag-securs,2
isga.ma,2
mag.adista,2
apecita,2
atala,2
mag.attestationlegale,2
umanitoba.ca,2
umanis,2
um5.ac.ma,2
ulule,2
unity3d,2
univ-angers,2
intelligences.metropolegrandparis,2
iut.univ-amu,2
archivesetmanuscrits.bnf,2
urbanisme,2
uved,2
urbanisation-si,2
uvsq,2
javamind-blogspot.ca,2
aquiladata,2
arcplace.ch,2
uwaterloo.ca,2
lyon-metropole.cci,2
javamind-blogspot.ch,2
urank.ru,2
jbl1960blog.wordpress,2
uqar.ca,2
lyon,2
ardeche.gouv,2
ardennes.gouv,2
lyon-communiques,2
lucca,2
arabnews,2
archives.uvci.edu.ci:52002,2
arafer,2
usaid.gov,2
usabilis,2
archires.archi,2
archive.siam,2
usccareers.usc.edu,2
usenix,2
archivengines.wordpress,2
archives-missioncapitale.paris,2
usf,2
archives.arcep,2
luttedeclasse,2
archives.cd08,2
archives.entreprises.gouv,2
arbitrageinfo,2
ivision,2
lycee-jules-lesven,2
arbitrage-maritime,2
aptude,2
jcvi,2
itconsultants,2
arstechnica,2
arondor,2
m.lemans.sarthe.cci,2
universalis,2
univcamp,2
univ-toamasina.mg,2
univ-tln,2
jedox,2
univ-paris8,2
art19,2
ittcert,2
univ-nantes,2
itelligencegroup,2
vainu.io,2
univ-constantine2.dz,2
applis.univ-tours,2
artimon,2
artisanat-nouvelle-aquitaine,2
applications.orange-business,2
itiforums,2
itjobs.ca,2
univrstudio,2
armines,2
lsc.univ-evry,2
itsintegra,2
unstats.un,2
jdsupra,2
m-c-conseil,2
m-e-l,2
unpaywall,2
m.20-bal,2
jean-jaures,2
apps.who.int,2
lpsig.univ-lr,2
jecreedansmaregion,2
apprentus,2
m.doyoubuzz,2
unjobs,2
m.emploi-environnement,2
m.expo.ird,2
vdl.lu,2
is-elus,2
attaches-unsa,2
jobs.undp,2
analyticsread,2
analyticsindiamag,2
inventiv-it,2
mairie15.paris,2
axys-consultants,2
anakeen,2
jobs.telcoprofessionals,2
anafagc,2
introduction-to-graph-theory-west-solution.yard-man-24a-020d401-repair-service-manual-user.husqvarna-te-350-410-95-repair-service-manual-user.pesticides-studied-in.dictionnaire-des-religions.2010-vw-golf.the-corsican-caper-mayle.ca.meudelivery.br,2
bab.la,2
anabioz,2
tresor.gouv.qc.ca,2
azure.microsoft.ipv6.dsjfzj.nanning.gov.cn,2
jobsearchine,2
jobsferic,2
b4usolution,2
b8016a95216070895d41903e96982030.lcairport,2
vichy-economie,2
analyticsweek,2
mairie-villetaneuse,2
anap,2
investincotedazur,2
mairie-saintdoulchard,2
jobs.groupe-psa,2
avocats-sfez,2
jobs.inrae,2
jobs.inria,2
jobs.italent,2
mairie-schoelcher,2
investor.3ds,2
anchor.fm,2
aws-france,2
ax.polytechnique,2
investopedia,2
axance,2
anaxago,2
anaplan,2
axens-audit,2
investing,2
jobsora,2
intis.coop,2
au.finance.yahoo,2
bas-rhin.gouv,2
liveronext,2
amcconseil,2
joinup.ecropa,2
joliettevolkswagen,2
livemint,2
malt.be,2
jonesday,2
bas-rhin,2
amazon.it,2
babyleu.br,2
ville-avrille,2
intercariforef,2
amazon.ae,2
amay.be,2
inter-mines,2
basware,2
trabajo,2
ville-briey,2
villaquilambre.es,2
vilio,2
vif,2
transchain.io,2
intersystems,2
interregeurope,2
interreg-fwvl,2
transportshaker-wavestone,2
jobted,2
video-streaming.orange,2
transportation.gov,2
jobup.ch,2
internshipmakers,2
majorel,2
banggood.in,2
livre2,2
transfusion.au,2
vienne-condrieu-agglomeration,2
makery.info,2
vienne.gouv,2
amexio,2
avocats-krust-penaud,2
avocatadjedj,2
mairie-rosporden.bzh,2
uca,2
anses,2
aunisatlantique,2
irfedd,2
auracom,2
anpihm,2
anp.ma,2
velfiebusiness,2
auran,2
maineetloire.cci,2
ionis-stm,2
anocr73,2
annualreviews,2
velfiepitch,2
irdes,2
maires88.asso,2
mairesdemeuse,2
mairie-albi,2
jobboom,2
ansys,2
uccle.be,2
ant.cerema,2
mailman.ucalgary.ca,2
irsn,2
au.linkedin,2
jmir,2
vdocuments.site,2
anyflip,2
maiage.inrae,2
jo-spm,2
ufomotion.xyz,2
vectorstock,2
vedura,2
veeam,2
audap,2
aude.gouv,2
irjs.univ-paris1,2
maileva,2
ucm.es,2
ucly,2
velo-territoires,2
autoactu,2
u-paris2,2
turbopilot.info,2
ipag.edu,2
anicetlepors.blog,2
avenir-suisse.ch,2
avenir-um,2
mairie-lesbordes,2
iotevolutionworld,2
verizon,2
mairie-muret,2
angers.maville,2
anfh,2
jobs.atos,2
tse-eu,2
mairie-ploudiry,2
avise,2
avisia,2
trustpilot,2
androide.lip6,2
joboolo,2
turess,2
u-futur,2
mairie-fontromeu,2
u-bordeaux,2
annuaire-secu,2
mairie-bonnee,2
automation.siemens,2
jobibou,2
vendee.gouv,2
venelles,2
autopia-carcare,2
annecy,2
autorite-transports,2
autoriteitpersoonsgegevens.nl,2
ventya,2
tv78,2
ipe,2
anligentile.github.io,2
mairie-digitale,2
tustex,2
tarbes-infos,2
archivage-numerique,2
caducee,2
ifgexecutive,2
laviecommunale,2
ifa-asso,2
i-expo,2
i-cpc,2
54887aaee682f209f50e6118.zi.fashionrange,2
bulletin-officiel.developpement-durable.gouv,2
starxpert,2
windows7keysale,2
surveymonkey,2
medicis-patrimoine,2
lejsl,2
51.cdgplus,2
microstrategy,2
ifingo,2
labase-lextenso,2
stardog,2
staps.univ-rouen,2
yell,2
budget.gouv.sn,2
medicalexpo,2
lesaffaires,2
activus-group,2
ifop,2
laxou,2
actu-juridique,2
lejournaldesentreprises,2
lacasemate,2
stambia,2
support.zyxel,2
winlassie,2
iesf,2
les-offres-emplois,2
iecl.univ-lorraine,2
businesstoday,2
support.kaspersky,2
careers.bmihealthcare.co.uk,2
xxlformation,2
businessofeminin,2
statistiques.public.lu,2
i3s.unice,2
lelezard,2
businessnews.tn,2
businesslist.co.cm,2
businessfrance,2
i.dell,2
les-aides,2
businessdynamite.xyz,2
acsysteme,2
businessdecision,2
5aconseil,2
careers.societegenerale,2
ieom,2
careers.un,2
yana-j,2
actency,2
carenews,2
support.quest,2
business-standard,2
medscape,2
actu.meilleurmobile,2
47330a4a93e03c54d091054e.conner.egobox.br,2
ifprofs,2
mediaterre,2
sylvainlasnier,2
labibliothequedeglow,2
srlf,2
medias.sncf,2
hubformation,2
ysbl.york.ac.uk,2
wiki.aquasec,2
labellucie,2
adbu,2
bruaylabuissiere,2
brownells,2
mediane.tm,2
brown.edu,2
mindgrep,2
mindhealth,2
ihedn,2
yugatech,2
catalog.redhat,2
yvelines,2
label-emmaus.co,2
mines-paristech,2
labecedaire,2
wiki-compta,2
mines-stetienne,2
brill,2
brignoles,2
labaule,2
ign,2
igi-global,2
swavocats,2
yoyodesign,2
mediatheques-plainecommune,2
lesbricodeurs,2
carriere-informatique,2
labrador.cld.bz,2
bsv,2
lapresse.tn,2
lehub.web.bpifrance,2
actuel-expert-comptable,2
youpicom,2
laboutiqueitsm,2
carrieres.bouygues-construction,2
humanexperience,2
le-flux,2
wiki.lafabriquedesmobilites,2
le-m-verbatem,2
wiki.gccollab.ca,2
switchdin,2
ssi.ac-strasbourg,2
youscribe,2
minatec,2
acuite,2
sword-group,2
legreta.ac-nice,2
acxias,2
casd,2
youtobia,2
igen,2
statoperator,2
support.google,2
iebmedia,2
metiers-fonctionpubliquehospitaliere.sante.gouv,2
leolagrange-conso,2
www-cast3m.cea,2
cambridgesemantics,2
www8.hp,2
calvados.scoop.it,2
caor-mines-paristech,2
wwwuni.lu,2
lantenne,2
metaphacts,2
wwz.ifremer,2
lanouvelletribune.info,2
calais,2
cap-collectif,2
wydden,2
lannion-tregor,2
studylib.es,2
lenergeek,2
94.citoyens,2
x-mer.polytechnique,2
ibisc.univ-evry,2
cahorsagglo,2
landes.gouv,2
iconfinder,2
sublimeo,2
cafepedagogique,2
lemur.lafrenchtech-rennes,2
abylon-conseil,2
www6.inrae,2
studentum,2
ac-corse,2
lapeniche,2
metropoletpm,2
aareon,2
strategies,2
lenova,2
www-public.imtbs-tsp,2
campusmatin,2
canardcoincoin,2
strasbourg.snes.edu,2
strategieslogistique,2
strategyand.pwc,2
www-robotics.jpl.nasa.gov,2
lensa,2
metz,2
aaeena,2
icaew,2
www1.fidroit,2
www-labsticc.univ-ubs,2
canigo-grandsite,2
cannes,2
icedap,2
campus-esenesr.unilim,2
canstockphoto,2
leolagrange,2
meurthe-et-moselle.gouv,2
aaai,2
abdr,2
www3.nd.edu,2
ac-clermont,2
caen.maville,2
stedy.io,2
ideose,2
access.redhat,2
lalibrerit.ch,2
ial.univ-lyon3,2
workday,2
xmind,2
lepuyenvelay,2
stfb,2
latelierpaysan,2
c-didou-sketches.tumblr,2
wordpress.ac-caen,2
caprovenceverte,2
meilleurtauxpro,2
lequipe,2
meilleurs-masters,2
caprural,2
latribuneauto,2
meilleure-innovation,2
bva-group,2
captronic,2
lalettrea,2
aceproject,2
lequotidiendumedecin,2
megalis.bretagne.bzh,2
iae.univ-lyon3,2
buymadeeasy,2
lematin.ch,2
step-consulting,2
xmedius,2
sup-numerique.gouv,2
sto.nato.int,2
workplacemagazine,2
caen.cci,2
lemouvementassociatif,2
wsj,2
meritis,2
larochesuryon.maville,2
id.erudit,2
iatranshumanisme,2
meritalk,2
lamayenne,2
lepole,2
cada.data.gouv,2
cada,2
idcapt,2
iaria,2
worldsensing,2
mep.trimble,2
worldscientific,2
suez,2
xie.ce.gatech.edu,2
cabinet-mindset,2
lamanchelibre,2
suitclub.ischool.utexas.edu,2
stibureautique,2
ca.talent,2
ca.indeed,2
capnordmartinique,2
ideo.bretagne.bzh,2
syndeac,2
strate.design,2
le7.info,2
lesphinx-developpement,2
2009.rmll.info,2
administrateurs-affaires-maritimes,2
br.pinterest,2
cca-makeupartist.ch,2
adnouest,2
adoc-solutions,2
1library,2
kyriba,2
ccbrianconnais,2
spherepublique-avocats,2
tactis,2
ccdh.public.lu,2
ille-et-vilaine,2
kynapse,2
horizontalsoftware,2
adp,2
kwanzeo,2
mist,2
lesoir.be,2
l4m,2
taleez,2
25images.msh-lse,2
wf3,2
media-publications.bcg,2
mipise,2
leslibraires.ca,2
adkontact,2
leslogiciels,2
sysoco,2
miroirsocial,2
wenku.baidu,2
systemearchivageelectronique,2
cc-golfedesainttropez,2
212.111.199.244,2
brandwatch,2
2020-eu.semantics.cc,2
hotel-spider,2
brandnewsblog,2
2019.imisc,2
brainlatam,2
tal.univ-paris3,2
boutique.berger-levrault,2
hpctoday,2
boscher,2
bourg-la-reine,2
adzuna,2
mdeouestprovence,2
talkwalker,2
lechomagazine.uk,2
sourceforge,2
mde-tpm,2
aei.pitt.edu,2
mde-ml-grand-nancy,2
talentsoft,2
imdr,2
letemps.ch,2
holded,2
mde-lille,2
zvei,2
imetaux,2
aelion,2
img2.insight,2
lecerclemarketingclient,2
kronobase,2
talent.hubstaff,2
193.194.86.113,2
talentdetection,2
cci-paris-idf,2
adrastia,2
ccibw.be,2
193.54.111.148,2
wedemain,2
bourse.lefigaro,2
bourse.challenges,2
193.194.86.106,2
lest-eclair,2
193.194.71.234,2
homepages.laas,2
webypress,2
ledigitalpme,2
adum,2
adum.parisnanterre,2
lebulletin.eap-wb.be,2
bourgogne-greta,2
adira,2
bouygues-construction,2
adecco,2
springest,2
legis.cdij.bj,2
media.eduscol.education,2
syntec-ingenierie,2
lesjeudis,2
bretagne-solidaire.bzh,2
whc.unesco,2
hsct2ee,2
mipih,2
la27eregion,2
sports.gouv,2
z0gravity,2
lesherbiers,2
media.readthedocs,2
legi.grenoble-inp,2
media.sage,2
leaders.tn,2
wheelodex,2
mediabasks,2
bretagnetelecom,2
legifiscal,2
caue69,2
iieta,2
synertrade,2
syndicat-energies-renouvelables,2
